token,count
24 hour,43
bmw of,15
ez solar,1
hyundai of,2
proton facility,1
a and,74
bud something,1
our place,1
don roberto,2
1st issue,11
445 9040,1
aerotek,47
bart bay,2
campers sports,1
e z,2
hg foods,4
infiniti of,2
los angeles,432
no paystubs,219
not one,1
previous issue,1
required delirium,1
sonic automotive,10
staffing agency,7
tdc the,1
the tjx,3
ucb pharmaceutical,1
usta united,1
walt disney,17
30 cap,2
0t534 tyson,1
1 cerberus,1
1 mc,1
1 platinum,1
1 somethic,1
1 stop,1
1 800,15
1 001,1
1 200,1
1 nissani,1
1 alameda,1
1 allied,4
1 bridge,1
1 burberry,1
1 care,1
1 chipotle,2
1 city,1
1 clinica,1
1 corner,1
1 culinart,1
1 ellis,1
1 episcopal,1
1 first,1
1 for,1
1 furniture,1
1 has,1
1 industrial,1
1 laji,1
1 mission,1
1 multi,1
1 not,1
1 pnc,1
1 round,1
1 same,2
1 sas,1
1 special,1
1 u,1
1 university,1
1 urban,1
1 venture,1
1 walmart,1
1 westland,1
1 abm,1
1 always,1
1 amazon,1
1 closet,1
1 figueroa,1
1 forbes,1
1 jack,1
1 keysight,1
1 lyons,1
1 matrix,1
1 maximus,1
1 mcdonalds,1
1 pacific,1
1 park,1
1 white,1
1 peopleready,1
1 true,1
1fedex freight,1
1regreen 2,1
10 minute,1
10 north,1
10 roads,7
100 oc,1
100 small,1
100 thieves,1
101 market,1
101 mobility,1
1010 distribution,1
10135 nsa,1
1064 mission,1
1085 garfield,1
1099 pay,1
1099 ee,17
1099 employee,2
1099 pnc,26
1099 when,1
1099 no,6
109th street,1
10x genomics,5
1100 group,1
1105 oya,1
1135 n,1
1177 market,1
11th street,1
12050 long,1
123 home,2
123 websites,1
1260 bb,1
129th rescue,1
13 prime,1
13 west,1
1368 e,1
14 feet,1
140 cattle,1
1440 by,1
1440 multiversity,1
14th round,1
15 dollar,1
15 30,1
15 40,1
150 pioneer,1
1562 cahuenga,1
1736 family,2
1776 logistics,1
17k distribution,2
18hundred,1
1heart caregiver,3
1heart caregivers,2
1st associates,1
1st choice,3
1st company,1
1st light,2
1st priority,1
1st quality,1
1st stop,1
1st united,2
1st time,1
2 magnet,1
2 mexicans,3
2 same,10
2 sum,1
2 1,1
2 affiliated,1
2 ashiria,1
2 kaiser,1
2 paragon,1
2 rudgear,1
2 united,1
2 census,1
20 20,7
200 lighthouse,1
2015 halladay,1
2017 2019,1
2020 companies,2
2020 vision,1
2025 lucid,2
204 events,1
2040 usa,1
20th century,1
2100 artesia,1
211 san,2
21333c 7,1
2145 eats,1
21st century,2
21st district,1
220 laboratories,1
2225 telegraph,1
22nd century,1
24 seven,1
24 7,5
242 cafe,2
247 delivery,1
247 express,1
247 hotel,1
247 private,1
24hr home,1
24hr homecare,2
24th street,1
25 mason,1
26 builders,1
26 center,1
2640 west,1
2692 la,1
29 move,1
29palmshariya,1
2alpha tactical,1
2apro,1
